Fund Name,P1,P2,P3,P4,P5,Topsis Score,Rank
M1,0.68,0.46,5.1,68.0,18.56,0.5971198446793559,3
M2,0.8,0.64,4.2,39.8,11.36,0.34233457454536775,7
M3,0.66,0.44,4.8,46.6,13.13,0.22454088808878508,8
M4,0.64,0.41,4.0,69.0,18.51,0.6142985117071447,2
M5,0.68,0.46,5.0,56.9,15.76,0.44351715766983507,5
M6,0.66,0.44,3.6,65.5,17.55,0.6175758575897297,1
M7,0.63,0.4,3.1,55.3,14.86,0.470092755522631,4
M8,0.86,0.74,5.6,43.9,12.78,0.4061048682869761,6
