Fund Name,P1,P2,P3,P4,P5,Topsis Score,Rank
M1,0.68,0.46,5.1,68.0,18.56,0.5731351337053877,2.0
M2,0.8,0.64,4.2,39.8,11.36,0.4240330011581546,6.0
M3,0.66,0.44,4.8,46.6,13.13,0.3301439326135657,7.0
M4,0.64,0.41,4.0,69.0,18.51,0.4737909869119344,3.0
M5,0.68,0.46,5.0,56.9,15.76,0.47235272509238524,4.0
M6,0.66,0.44,3.6,65.5,17.55,0.43880773681366053,5.0
M7,0.63,0.4,3.1,55.3,14.86,0.2644904547658478,8.0
M8,0.86,0.74,5.6,43.9,12.78,0.6171497678442117,1.0
